c_path,module_name,py_fun_name,c_fun_name,lineno,lambda_len
F:\DLFs_dataset\tensorflow\tensorflow-2.7.0\tensorflow\compiler\mlir\hlo\python\MlirHloModule.cpp,_mlirHlo,register_mhlo_dialect,lambda expression,23,179.0
F:\DLFs_dataset\tensorflow\tensorflow-2.7.0\tensorflow\compiler\mlir\hlo\python\MlirHloModule.cpp,_mlirHlo,register_chlo_dialect,lambda expression,34,179.0
F:\DLFs_dataset\tensorflow\tensorflow-2.7.0\tensorflow\compiler\mlir\lite\experimental\tac\py_wrapper\tac_wrapper_pybind11.cc,_pywrap_tac_wrapper,run_tac,lambda expression,23,173.0
F:\DLFs_dataset\tensorflow\tensorflow-2.7.0\tensorflow\compiler\mlir\python\mlir_wrapper\filecheck_wrapper.cc,filecheck_wrapper,check,lambda expression,24,392.0
F:\DLFs_dataset\tensorflow\tensorflow-2.7.0\tensorflow\compiler\mlir\python\mlir_wrapper\mlir_wrapper.cc,mlir_wrapper,preloadTensorFlowDialects,lambda expression,32,174.0
F:\DLFs_dataset\tensorflow\tensorflow-2.7.0\tensorflow\compiler\mlir\python\mlir_wrapper\mlir_wrapper.cc,mlir_wrapper,verify,lambda expression,39,415.0
F:\DLFs_dataset\tensorflow\tensorflow-2.7.0\tensorflow\compiler\mlir\tfr\python\tfr_wrapper.cc,tfr_wrapper,verify,lambda expression,35,592.0
F:\DLFs_dataset\tensorflow\tensorflow-2.7.0\tensorflow\compiler\xla\python\xla.cc,xla_extension,get_cpu_client,lambda expression,256,208.0
F:\DLFs_dataset\tensorflow\tensorflow-2.7.0\tensorflow\compiler\xla\python\xla.cc,xla_extension,get_tfrt_cpu_client,lambda expression,265,212.0
F:\DLFs_dataset\tensorflow\tensorflow-2.7.0\tensorflow\compiler\xla\python\xla.cc,xla_extension,get_interpreter_client,lambda expression,274,192.0
F:\DLFs_dataset\tensorflow\tensorflow-2.7.0\tensorflow\compiler\xla\python\xla.cc,xla_extension,get_gpu_client,lambda expression,280,356.0
F:\DLFs_dataset\tensorflow\tensorflow-2.7.0\tensorflow\compiler\xla\python\xla.cc,xla_extension,get_tpu_client,lambda expression,295,233.0
F:\DLFs_dataset\tensorflow\tensorflow-2.7.0\tensorflow\compiler\xla\python\xla.cc,xla_extension,get_distributed_runtime_service,lambda expression,365,784.0
F:\DLFs_dataset\tensorflow\tensorflow-2.7.0\tensorflow\compiler\xla\python\xla.cc,xla_extension,get_distributed_runtime_client,lambda expression,398,1072.0
F:\DLFs_dataset\tensorflow\tensorflow-2.7.0\tensorflow\lite\kernels\gradient\gradient_ops_wrapper.cc,pywrap_gradient_ops,GradientOpsRegisterer,lambda expression,24,93.0
F:\DLFs_dataset\tensorflow\tensorflow-2.7.0\tensorflow\lite\kernels\perception\perception_ops_wrapper.cc,pywrap_perception_ops,PerceptionOpsRegisterer,lambda expression,24,95.0
F:\DLFs_dataset\tensorflow\tensorflow-2.7.0\tensorflow\lite\python\analyzer_wrapper\analyzer_wrapper.cc,_pywrap_analyzer_wrapper,ModelAnalyzer,lambda expression,20,142.0
F:\DLFs_dataset\tensorflow\tensorflow-2.7.0\tensorflow\lite\python\interpreter_wrapper\interpreter_wrapper_pybind11.cc,_pywrap_tensorflow_interpreter_wrapper,CreateWrapperFromFile,lambda expression,35,281.0
F:\DLFs_dataset\tensorflow\tensorflow-2.7.0\tensorflow\lite\python\interpreter_wrapper\interpreter_wrapper_pybind11.cc,_pywrap_tensorflow_interpreter_wrapper,CreateWrapperFromFile,lambda expression,48,389.0
F:\DLFs_dataset\tensorflow\tensorflow-2.7.0\tensorflow\lite\python\interpreter_wrapper\interpreter_wrapper_pybind11.cc,_pywrap_tensorflow_interpreter_wrapper,CreateWrapperFromBuffer,lambda expression,63,267.0
F:\DLFs_dataset\tensorflow\tensorflow-2.7.0\tensorflow\lite\python\interpreter_wrapper\interpreter_wrapper_pybind11.cc,_pywrap_tensorflow_interpreter_wrapper,CreateWrapperFromBuffer,lambda expression,76,375.0
F:\DLFs_dataset\tensorflow\tensorflow-2.7.0\tensorflow\lite\python\testdata\test_registerer_wrapper.cc,_pywrap_test_registerer,TF_TestRegisterer,lambda expression,25,83.0
F:\DLFs_dataset\tensorflow\tensorflow-2.7.0\tensorflow\lite\testing\string_util_wrapper.cc,_pywrap_string_util,SerializeAsHexString,lambda expression,31,105.0
F:\DLFs_dataset\tensorflow\tensorflow-2.7.0\tensorflow\lite\tools\optimize\python\modify_model_interface.cc,_pywrap_modify_model_interface,modify_model_interface,lambda expression,30,228.0
F:\DLFs_dataset\tensorflow\tensorflow-2.7.0\tensorflow\python\mlir_wrapper.cc,_pywrap_mlir,ImportGraphDef,lambda expression,25,138.0
F:\DLFs_dataset\tensorflow\tensorflow-2.7.0\tensorflow\python\mlir_wrapper.cc,_pywrap_mlir,ImportFunction,lambda expression,36,164.0
F:\DLFs_dataset\tensorflow\tensorflow-2.7.0\tensorflow\python\mlir_wrapper.cc,_pywrap_mlir,ImportGraphDef,lambda expression,50,262.0
F:\DLFs_dataset\tensorflow\tensorflow-2.7.0\tensorflow\python\mlir_wrapper.cc,_pywrap_mlir,ExperimentalConvertSavedModelToMlir,lambda expression,65,147.0
F:\DLFs_dataset\tensorflow\tensorflow-2.7.0\tensorflow\python\mlir_wrapper.cc,_pywrap_mlir,ExperimentalConvertSavedModelV1ToMlirLite,lambda expression,76,190.0
F:\DLFs_dataset\tensorflow\tensorflow-2.7.0\tensorflow\python\mlir_wrapper.cc,_pywrap_mlir,ExperimentalConvertSavedModelV1ToMlir,lambda expression,90,208.0
F:\DLFs_dataset\tensorflow\tensorflow-2.7.0\tensorflow\python\mlir_wrapper.cc,_pywrap_mlir,ExperimentalRunPassPipeline,lambda expression,104,138.0
F:\DLFs_dataset\tensorflow\tensorflow-2.7.0\tensorflow\python\py_exception_registry_wrapper.cc,_pywrap_py_exception_registry,PyExceptionRegistry_Init,lambda expression,27,98.0
F:\DLFs_dataset\tensorflow\tensorflow-2.7.0\tensorflow\python\tfcompile_wrapper.cc,_pywrap_tfcompile,Compile,lambda expression,35,1025.0
F:\DLFs_dataset\tensorflow\tensorflow-2.7.0\tensorflow\python\tfe_wrapper.cc,_pywrap_tfe,TFE_Py_RegisterExceptionClass,lambda expression,628,86.0
F:\DLFs_dataset\tensorflow\tensorflow-2.7.0\tensorflow\python\tfe_wrapper.cc,_pywrap_tfe,TFE_Py_RegisterFallbackExceptionClass,lambda expression,631,86.0
F:\DLFs_dataset\tensorflow\tensorflow-2.7.0\tensorflow\python\tfe_wrapper.cc,_pywrap_tfe,TFE_GetMemoryInfo,lambda expression,636,471.0
F:\DLFs_dataset\tensorflow\tensorflow-2.7.0\tensorflow\python\tfe_wrapper.cc,_pywrap_tfe,TFE_ResetMemoryStats,lambda expression,655,327.0
F:\DLFs_dataset\tensorflow\tensorflow-2.7.0\tensorflow\python\tfe_wrapper.cc,_pywrap_tfe,TF_EnableMlirBridge,lambda expression,686,213.0
F:\DLFs_dataset\tensorflow\tensorflow-2.7.0\tensorflow\python\tfe_wrapper.cc,_pywrap_tfe,TFE_NewContext,lambda expression,698,94.0
F:\DLFs_dataset\tensorflow\tensorflow-2.7.0\tensorflow\python\tfe_wrapper.cc,_pywrap_tfe,TFE_SetLogicalCpuDevices,lambda expression,722,107.0
F:\DLFs_dataset\tensorflow\tensorflow-2.7.0\tensorflow\python\tfe_wrapper.cc,_pywrap_tfe,TFE_HostAddressSpace,lambda expression,732,84.0
F:\DLFs_dataset\tensorflow\tensorflow-2.7.0\tensorflow\python\tfe_wrapper.cc,_pywrap_tfe,TFE_ContextAddFunction,lambda expression,735,100.0
F:\DLFs_dataset\tensorflow\tensorflow-2.7.0\tensorflow\python\tfe_wrapper.cc,_pywrap_tfe,TFE_ContextAddFunctionDef,lambda expression,742,121.0
F:\DLFs_dataset\tensorflow\tensorflow-2.7.0\tensorflow\python\tfe_wrapper.cc,_pywrap_tfe,TFE_ContextGetFunctionDef,lambda expression,751,114.0
F:\DLFs_dataset\tensorflow\tensorflow-2.7.0\tensorflow\python\tfe_wrapper.cc,_pywrap_tfe,TFE_ContextRemoveFunction,lambda expression,759,98.0
F:\DLFs_dataset\tensorflow\tensorflow-2.7.0\tensorflow\python\tfe_wrapper.cc,_pywrap_tfe,TFE_ContextHasFunction,lambda expression,766,98.0
F:\DLFs_dataset\tensorflow\tensorflow-2.7.0\tensorflow\python\tfe_wrapper.cc,_pywrap_tfe,TFE_ContextListFunctionNames,lambda expression,774,95.0
F:\DLFs_dataset\tensorflow\tensorflow-2.7.0\tensorflow\python\tfe_wrapper.cc,_pywrap_tfe,TFE_ContextEnableGraphCollection,lambda expression,784,83.0
F:\DLFs_dataset\tensorflow\tensorflow-2.7.0\tensorflow\python\tfe_wrapper.cc,_pywrap_tfe,TFE_ContextDisableGraphCollection,lambda expression,787,84.0
F:\DLFs_dataset\tensorflow\tensorflow-2.7.0\tensorflow\python\tfe_wrapper.cc,_pywrap_tfe,TFE_ContextExportRunMetadata,lambda expression,790,97.0
F:\DLFs_dataset\tensorflow\tensorflow-2.7.0\tensorflow\python\tfe_wrapper.cc,_pywrap_tfe,TFE_ContextGetDevicePlacementPolicy,lambda expression,803,83.0
F:\DLFs_dataset\tensorflow\tensorflow-2.7.0\tensorflow\python\tfe_wrapper.cc,_pywrap_tfe,TFE_ContextSetThreadLocalDevicePlacementPolicy,lambda expression,807,121.0
F:\DLFs_dataset\tensorflow\tensorflow-2.7.0\tensorflow\python\tfe_wrapper.cc,_pywrap_tfe,TFE_ContextSetServerDef,lambda expression,812,116.0
F:\DLFs_dataset\tensorflow\tensorflow-2.7.0\tensorflow\python\tfe_wrapper.cc,_pywrap_tfe,TFE_ContextUpdateServerDef,lambda expression,822,116.0
F:\DLFs_dataset\tensorflow\tensorflow-2.7.0\tensorflow\python\tfe_wrapper.cc,_pywrap_tfe,TFE_ContextCheckAlive,lambda expression,835,105.0
F:\DLFs_dataset\tensorflow\tensorflow-2.7.0\tensorflow\python\tfe_wrapper.cc,_pywrap_tfe,TFE_ContextSyncExecutors,lambda expression,843,84.0
F:\DLFs_dataset\tensorflow\tensorflow-2.7.0\tensorflow\python\tfe_wrapper.cc,_pywrap_tfe,TFE_ContextClearExecutors,lambda expression,852,84.0
F:\DLFs_dataset\tensorflow\tensorflow-2.7.0\tensorflow\python\tfe_wrapper.cc,_pywrap_tfe,TFE_InsertConfigKeyValue,lambda expression,862,122.0
F:\DLFs_dataset\tensorflow\tensorflow-2.7.0\tensorflow\python\tfe_wrapper.cc,_pywrap_tfe,TFE_GetConfigKeyValue,lambda expression,874,122.0
F:\DLFs_dataset\tensorflow\tensorflow-2.7.0\tensorflow\python\tfe_wrapper.cc,_pywrap_tfe,TFE_DeleteConfigKeyValue,lambda expression,886,100.0
F:\DLFs_dataset\tensorflow\tensorflow-2.7.0\tensorflow\python\tfe_wrapper.cc,_pywrap_tfe,TFE_ReportErrorToCluster,lambda expression,898,116.0
F:\DLFs_dataset\tensorflow\tensorflow-2.7.0\tensorflow\python\tfe_wrapper.cc,_pywrap_tfe,TFE_ContextSetSoftDevicePlacement,lambda expression,908,94.0
F:\DLFs_dataset\tensorflow\tensorflow-2.7.0\tensorflow\python\tfe_wrapper.cc,_pywrap_tfe,TFE_ContextSetLogDevicePlacement,lambda expression,914,94.0
F:\DLFs_dataset\tensorflow\tensorflow-2.7.0\tensorflow\python\tfe_wrapper.cc,_pywrap_tfe,TFE_ExecutorWaitForAllPendingNodes,lambda expression,931,86.0
F:\DLFs_dataset\tensorflow\tensorflow-2.7.0\tensorflow\python\tfe_wrapper.cc,_pywrap_tfe,TFE_ContextSetExecutorForThread,lambda expression,941,102.0
F:\DLFs_dataset\tensorflow\tensorflow-2.7.0\tensorflow\python\tfe_wrapper.cc,_pywrap_tfe,TFE_OpNameGetAttrType,lambda expression,952,171.0
F:\DLFs_dataset\tensorflow\tensorflow-2.7.0\tensorflow\python\tfe_wrapper.cc,_pywrap_tfe,TFE_Py_PackEagerTensors,lambda expression,978,106.0
F:\DLFs_dataset\tensorflow\tensorflow-2.7.0\tensorflow\python\tfe_wrapper.cc,_pywrap_tfe,TFE_Py_RegisterJVPFunction,lambda expression,983,83.0
F:\DLFs_dataset\tensorflow\tensorflow-2.7.0\tensorflow\python\tfe_wrapper.cc,_pywrap_tfe,TFE_Py_RegisterGradientFunction,lambda expression,986,88.0
F:\DLFs_dataset\tensorflow\tensorflow-2.7.0\tensorflow\python\tfe_wrapper.cc,_pywrap_tfe,TFE_Py_Execute,lambda expression,989,224.0
F:\DLFs_dataset\tensorflow\tensorflow-2.7.0\tensorflow\python\tfe_wrapper.cc,_pywrap_tfe,TFE_Py_ExecuteCancelable,lambda expression,997,294.0
F:\DLFs_dataset\tensorflow\tensorflow-2.7.0\tensorflow\python\tfe_wrapper.cc,_pywrap_tfe,TFE_Py_FastPathExecute,lambda expression,1007,84.0
F:\DLFs_dataset\tensorflow\tensorflow-2.7.0\tensorflow\python\tfe_wrapper.cc,_pywrap_tfe,TFE_Py_RecordGradient,lambda expression,1011,240.0
F:\DLFs_dataset\tensorflow\tensorflow-2.7.0\tensorflow\python\tfe_wrapper.cc,_pywrap_tfe,TFE_Py_TapeSetNew,lambda expression,1022,154.0
F:\DLFs_dataset\tensorflow\tensorflow-2.7.0\tensorflow\python\tfe_wrapper.cc,_pywrap_tfe,TFE_Py_TapeSetShouldRecordBackprop,lambda expression,1037,95.0
F:\DLFs_dataset\tensorflow\tensorflow-2.7.0\tensorflow\python\tfe_wrapper.cc,_pywrap_tfe,TFE_Py_TapeSetPossibleGradientTypes,lambda expression,1041,96.0
F:\DLFs_dataset\tensorflow\tensorflow-2.7.0\tensorflow\python\tfe_wrapper.cc,_pywrap_tfe,TFE_Py_TapeSetRecordOperation,lambda expression,1046,286.0
F:\DLFs_dataset\tensorflow\tensorflow-2.7.0\tensorflow\python\tfe_wrapper.cc,_pywrap_tfe,TFE_Py_TapeSetRecordOperationBackprop,lambda expression,1054,244.0
F:\DLFs_dataset\tensorflow\tensorflow-2.7.0\tensorflow\python\tfe_wrapper.cc,_pywrap_tfe,TFE_Py_TapeSetRecordOperationForwardprop,lambda expression,1062,321.0
F:\DLFs_dataset\tensorflow\tensorflow-2.7.0\tensorflow\python\tfe_wrapper.cc,_pywrap_tfe,TFE_Py_TapeGradient,lambda expression,1071,225.0
F:\DLFs_dataset\tensorflow\tensorflow-2.7.0\tensorflow\python\tfe_wrapper.cc,_pywrap_tfe,TFE_Py_TapeWatchVariable,lambda expression,1092,90.0
F:\DLFs_dataset\tensorflow\tensorflow-2.7.0\tensorflow\python\tfe_wrapper.cc,_pywrap_tfe,TFE_Py_TapeWatchedVariables,lambda expression,1096,90.0
F:\DLFs_dataset\tensorflow\tensorflow-2.7.0\tensorflow\python\tfe_wrapper.cc,_pywrap_tfe,TFE_Py_VariableWatcherRemove,lambda expression,1103,86.0
F:\DLFs_dataset\tensorflow\tensorflow-2.7.0\tensorflow\python\tfe_wrapper.cc,_pywrap_tfe,TFE_Py_VariableWatcherWatchedVariables,lambda expression,1110,105.0
F:\DLFs_dataset\tensorflow\tensorflow-2.7.0\tensorflow\python\tfe_wrapper.cc,_pywrap_tfe,TFE_Py_ForwardAccumulatorNew,lambda expression,1117,83.0
F:\DLFs_dataset\tensorflow\tensorflow-2.7.0\tensorflow\python\tfe_wrapper.cc,_pywrap_tfe,TFE_Py_ForwardAccumulatorSetAdd,lambda expression,1121,100.0
F:\DLFs_dataset\tensorflow\tensorflow-2.7.0\tensorflow\python\tfe_wrapper.cc,_pywrap_tfe,TFE_Py_ForwardAccumulatorWatch,lambda expression,1130,142.0
F:\DLFs_dataset\tensorflow\tensorflow-2.7.0\tensorflow\python\tfe_wrapper.cc,_pywrap_tfe,TFE_Py_ForwardAccumulatorJVP,lambda expression,1136,119.0
F:\DLFs_dataset\tensorflow\tensorflow-2.7.0\tensorflow\python\tfe_wrapper.cc,_pywrap_tfe,TFE_Py_PackJVPs,lambda expression,1147,84.0
F:\DLFs_dataset\tensorflow\tensorflow-2.7.0\tensorflow\python\tfe_wrapper.cc,_pywrap_tfe,TFE_ContextOptionsSetConfig,lambda expression,1154,110.0
F:\DLFs_dataset\tensorflow\tensorflow-2.7.0\tensorflow\python\tfe_wrapper.cc,_pywrap_tfe,TFE_ContextOptionsSetRunEagerOpAsFunction,lambda expression,1170,108.0
F:\DLFs_dataset\tensorflow\tensorflow-2.7.0\tensorflow\python\tfe_wrapper.cc,_pywrap_tfe,TFE_Py_TensorShapeSlice,lambda expression,1179,93.0
F:\DLFs_dataset\tensorflow\tensorflow-2.7.0\tensorflow\python\tfe_wrapper.cc,_pywrap_tfe,TFE_Py_TensorShapeOnDevice,lambda expression,1184,107.0
F:\DLFs_dataset\tensorflow\tensorflow-2.7.0\tensorflow\python\tfe_wrapper.cc,_pywrap_tfe,TFE_Py_EncodeArg,lambda expression,1198,185.0
F:\DLFs_dataset\tensorflow\tensorflow-2.7.0\tensorflow\python\tfe_wrapper.cc,_pywrap_tfe,TFE_EnableCollectiveOps,lambda expression,1204,103.0
F:\DLFs_dataset\tensorflow\tensorflow-2.7.0\tensorflow\python\tfe_wrapper.cc,_pywrap_tfe,TFE_AbortCollectiveOps,lambda expression,1213,113.0
F:\DLFs_dataset\tensorflow\tensorflow-2.7.0\tensorflow\python\tfe_wrapper.cc,_pywrap_tfe,TFE_CollectiveOpsCheckPeerHealth,lambda expression,1220,117.0
F:\DLFs_dataset\tensorflow\tensorflow-2.7.0\tensorflow\python\tfe_wrapper.cc,_pywrap_tfe,TF_DeviceListName,lambda expression,1235,101.0
F:\DLFs_dataset\tensorflow\tensorflow-2.7.0\tensorflow\python\tfe_wrapper.cc,_pywrap_tfe,TF_DeviceListType,lambda expression,1242,101.0
F:\DLFs_dataset\tensorflow\tensorflow-2.7.0\tensorflow\python\tfe_wrapper.cc,_pywrap_tfe,TFE_MonitoringNewCounter0,lambda expression,1256,101.0
F:\DLFs_dataset\tensorflow\tensorflow-2.7.0\tensorflow\python\tfe_wrapper.cc,_pywrap_tfe,TFE_MonitoringNewCounter1,lambda expression,1271,117.0
F:\DLFs_dataset\tensorflow\tensorflow-2.7.0\tensorflow\python\tfe_wrapper.cc,_pywrap_tfe,TFE_MonitoringNewCounter2,lambda expression,1286,133.0
F:\DLFs_dataset\tensorflow\tensorflow-2.7.0\tensorflow\python\tfe_wrapper.cc,_pywrap_tfe,TFE_MonitoringNewIntGauge0,lambda expression,1306,101.0
F:\DLFs_dataset\tensorflow\tensorflow-2.7.0\tensorflow\python\tfe_wrapper.cc,_pywrap_tfe,TFE_MonitoringNewIntGauge1,lambda expression,1321,117.0
F:\DLFs_dataset\tensorflow\tensorflow-2.7.0\tensorflow\python\tfe_wrapper.cc,_pywrap_tfe,TFE_MonitoringNewIntGauge2,lambda expression,1336,133.0
F:\DLFs_dataset\tensorflow\tensorflow-2.7.0\tensorflow\python\tfe_wrapper.cc,_pywrap_tfe,TFE_MonitoringNewStringGauge0,lambda expression,1355,101.0
F:\DLFs_dataset\tensorflow\tensorflow-2.7.0\tensorflow\python\tfe_wrapper.cc,_pywrap_tfe,TFE_MonitoringNewStringGauge1,lambda expression,1371,117.0
F:\DLFs_dataset\tensorflow\tensorflow-2.7.0\tensorflow\python\tfe_wrapper.cc,_pywrap_tfe,TFE_MonitoringNewStringGauge2,lambda expression,1385,133.0
F:\DLFs_dataset\tensorflow\tensorflow-2.7.0\tensorflow\python\tfe_wrapper.cc,_pywrap_tfe,TFE_MonitoringNewStringGauge3,lambda expression,1401,149.0
F:\DLFs_dataset\tensorflow\tensorflow-2.7.0\tensorflow\python\tfe_wrapper.cc,_pywrap_tfe,TFE_MonitoringNewStringGauge4,lambda expression,1417,165.0
F:\DLFs_dataset\tensorflow\tensorflow-2.7.0\tensorflow\python\tfe_wrapper.cc,_pywrap_tfe,TFE_MonitoringNewBoolGauge0,lambda expression,1436,101.0
F:\DLFs_dataset\tensorflow\tensorflow-2.7.0\tensorflow\python\tfe_wrapper.cc,_pywrap_tfe,TFE_MonitoringNewBoolGauge1,lambda expression,1451,117.0
F:\DLFs_dataset\tensorflow\tensorflow-2.7.0\tensorflow\python\tfe_wrapper.cc,_pywrap_tfe,TFE_MonitoringNewBoolGauge2,lambda expression,1466,133.0
F:\DLFs_dataset\tensorflow\tensorflow-2.7.0\tensorflow\python\tfe_wrapper.cc,_pywrap_tfe,TFE_MonitoringNewSampler0,lambda expression,1491,130.0
F:\DLFs_dataset\tensorflow\tensorflow-2.7.0\tensorflow\python\tfe_wrapper.cc,_pywrap_tfe,TFE_MonitoringNewSampler1,lambda expression,1507,146.0
F:\DLFs_dataset\tensorflow\tensorflow-2.7.0\tensorflow\python\tfe_wrapper.cc,_pywrap_tfe,TFE_MonitoringNewSampler2,lambda expression,1523,162.0
F:\DLFs_dataset\tensorflow\tensorflow-2.7.0\tensorflow\python\tfe_wrapper.cc,_pywrap_tfe,TFE_ToDlpackCapsule,lambda expression,1555,121.0
F:\DLFs_dataset\tensorflow\tensorflow-2.7.0\tensorflow\python\tfe_wrapper.cc,_pywrap_tfe,TFE_FromDlpackCapsule,lambda expression,1584,119.0
F:\DLFs_dataset\tensorflow\tensorflow-2.7.0\tensorflow\python\tfe_wrapper.cc,_pywrap_tfe,TFE_Py_RegisterCustomDevice,lambda expression,1609,165.0
F:\DLFs_dataset\tensorflow\tensorflow-2.7.0\tensorflow\python\client\debug_events_writer_wrapper.cc,_pywrap_debug_events_writer,Init,lambda expression,31,291.0
F:\DLFs_dataset\tensorflow\tensorflow-2.7.0\tensorflow\python\client\debug_events_writer_wrapper.cc,_pywrap_debug_events_writer,WriteSourceFile,lambda expression,42,287.0
F:\DLFs_dataset\tensorflow\tensorflow-2.7.0\tensorflow\python\client\debug_events_writer_wrapper.cc,_pywrap_debug_events_writer,WriteStackFrameWithId,lambda expression,52,288.0
F:\DLFs_dataset\tensorflow\tensorflow-2.7.0\tensorflow\python\client\debug_events_writer_wrapper.cc,_pywrap_debug_events_writer,WriteGraphOpCreation,lambda expression,62,282.0
F:\DLFs_dataset\tensorflow\tensorflow-2.7.0\tensorflow\python\client\debug_events_writer_wrapper.cc,_pywrap_debug_events_writer,WriteDebuggedGraph,lambda expression,72,282.0
F:\DLFs_dataset\tensorflow\tensorflow-2.7.0\tensorflow\python\client\debug_events_writer_wrapper.cc,_pywrap_debug_events_writer,WriteExecution,lambda expression,82,282.0
F:\DLFs_dataset\tensorflow\tensorflow-2.7.0\tensorflow\python\client\debug_events_writer_wrapper.cc,_pywrap_debug_events_writer,WriteGraphExecutionTrace,lambda expression,92,295.0
F:\DLFs_dataset\tensorflow\tensorflow-2.7.0\tensorflow\python\client\debug_events_writer_wrapper.cc,_pywrap_debug_events_writer,RegisterDeviceAndGetId,lambda expression,102,201.0
F:\DLFs_dataset\tensorflow\tensorflow-2.7.0\tensorflow\python\client\debug_events_writer_wrapper.cc,_pywrap_debug_events_writer,FlushNonExecutionFiles,lambda expression,108,157.0
F:\DLFs_dataset\tensorflow\tensorflow-2.7.0\tensorflow\python\client\debug_events_writer_wrapper.cc,_pywrap_debug_events_writer,FlushExecutionFiles,lambda expression,113,154.0
F:\DLFs_dataset\tensorflow\tensorflow-2.7.0\tensorflow\python\client\debug_events_writer_wrapper.cc,_pywrap_debug_events_writer,Close,lambda expression,118,140.0
F:\DLFs_dataset\tensorflow\tensorflow-2.7.0\tensorflow\python\client\device_lib_wrapper.cc,_pywrap_device_lib,list_devices,lambda expression,31,613.0
F:\DLFs_dataset\tensorflow\tensorflow-2.7.0\tensorflow\python\client\tf_session_wrapper.cc,_pywrap_tf_session,TF_SessionMakeCallable,lambda expression,153,130.0
F:\DLFs_dataset\tensorflow\tensorflow-2.7.0\tensorflow\python\client\tf_session_wrapper.cc,_pywrap_tf_session,_TF_SetConfig,lambda expression,170,109.0
F:\DLFs_dataset\tensorflow\tensorflow-2.7.0\tensorflow\python\client\tf_session_wrapper.cc,_pywrap_tf_session,TF_GraphToFunction_wrapper,lambda expression,189,408.0
F:\DLFs_dataset\tensorflow\tensorflow-2.7.0\tensorflow\python\client\tf_session_wrapper.cc,_pywrap_tf_session,TF_GraphGetTensorShapeHelper,lambda expression,224,99.0
F:\DLFs_dataset\tensorflow\tensorflow-2.7.0\tensorflow\python\client\tf_session_wrapper.cc,_pywrap_tf_session,TF_GraphSetTensorShape_wrapper,lambda expression,244,139.0
F:\DLFs_dataset\tensorflow\tensorflow-2.7.0\tensorflow\python\client\tf_session_wrapper.cc,_pywrap_tf_session,TF_GraphGetTensorShape_wrapper,lambda expression,257,139.0
F:\DLFs_dataset\tensorflow\tensorflow-2.7.0\tensorflow\python\client\tf_session_wrapper.cc,_pywrap_tf_session,TF_GraphSetOutputHandleShapesAndTypes_wrapper,lambda expression,269,193.0
F:\DLFs_dataset\tensorflow\tensorflow-2.7.0\tensorflow\python\client\tf_session_wrapper.cc,_pywrap_tf_session,TF_CreatePlaceholders,lambda expression,315,111.0
F:\DLFs_dataset\tensorflow\tensorflow-2.7.0\tensorflow\python\client\tf_session_wrapper.cc,_pywrap_tf_session,TF_NewSession,lambda expression,325,107.0
F:\DLFs_dataset\tensorflow\tensorflow-2.7.0\tensorflow\python\client\tf_session_wrapper.cc,_pywrap_tf_session,TF_NewSessionRef,lambda expression,338,107.0
F:\DLFs_dataset\tensorflow\tensorflow-2.7.0\tensorflow\python\client\tf_session_wrapper.cc,_pywrap_tf_session,TF_CloseSession,lambda expression,351,88.0
F:\DLFs_dataset\tensorflow\tensorflow-2.7.0\tensorflow\python\client\tf_session_wrapper.cc,_pywrap_tf_session,TF_DeleteSession,lambda expression,362,88.0
F:\DLFs_dataset\tensorflow\tensorflow-2.7.0\tensorflow\python\client\tf_session_wrapper.cc,_pywrap_tf_session,TF_TryEvaluateConstant_wrapper,lambda expression,374,98.0
F:\DLFs_dataset\tensorflow\tensorflow-2.7.0\tensorflow\python\client\tf_session_wrapper.cc,_pywrap_tf_session,ExtendSession,lambda expression,384,88.0
F:\DLFs_dataset\tensorflow\tensorflow-2.7.0\tensorflow\python\client\tf_session_wrapper.cc,_pywrap_tf_session,GetHandleShapeAndType,lambda expression,393,128.0
F:\DLFs_dataset\tensorflow\tensorflow-2.7.0\tensorflow\python\client\tf_session_wrapper.cc,_pywrap_tf_session,SetHandleShapeAndType,lambda expression,401,107.0
F:\DLFs_dataset\tensorflow\tensorflow-2.7.0\tensorflow\python\client\tf_session_wrapper.cc,_pywrap_tf_session,TF_SessionRun_wrapper,lambda expression,413,598.0
F:\DLFs_dataset\tensorflow\tensorflow-2.7.0\tensorflow\python\client\tf_session_wrapper.cc,_pywrap_tf_session,TF_SessionPRun_wrapper,lambda expression,467,534.0
F:\DLFs_dataset\tensorflow\tensorflow-2.7.0\tensorflow\python\client\tf_session_wrapper.cc,_pywrap_tf_session,TF_SessionPRunSetup_wrapper,lambda expression,517,187.0
F:\DLFs_dataset\tensorflow\tensorflow-2.7.0\tensorflow\python\client\tf_session_wrapper.cc,_pywrap_tf_session,TF_SessionRunCallable,lambda expression,531,180.0
F:\DLFs_dataset\tensorflow\tensorflow-2.7.0\tensorflow\python\client\tf_session_wrapper.cc,_pywrap_tf_session,TF_SessionReleaseCallable,lambda expression,550,101.0
F:\DLFs_dataset\tensorflow\tensorflow-2.7.0\tensorflow\python\client\tf_session_wrapper.cc,_pywrap_tf_session,TF_GraphGetOpDef,lambda expression,564,118.0
F:\DLFs_dataset\tensorflow\tensorflow-2.7.0\tensorflow\python\client\tf_session_wrapper.cc,_pywrap_tf_session,TF_NewOperation,lambda expression,574,116.0
F:\DLFs_dataset\tensorflow\tensorflow-2.7.0\tensorflow\python\client\tf_session_wrapper.cc,_pywrap_tf_session,TF_FinishOperation,lambda expression,588,94.0
F:\DLFs_dataset\tensorflow\tensorflow-2.7.0\tensorflow\python\client\tf_session_wrapper.cc,_pywrap_tf_session,TF_OperationGetAttrInt,lambda expression,601,100.0
F:\DLFs_dataset\tensorflow\tensorflow-2.7.0\tensorflow\python\client\tf_session_wrapper.cc,_pywrap_tf_session,TF_SetAttrValueProto,lambda expression,617,131.0
F:\DLFs_dataset\tensorflow\tensorflow-2.7.0\tensorflow\python\client\tf_session_wrapper.cc,_pywrap_tf_session,TF_OperationToNodeDef,lambda expression,646,106.0
F:\DLFs_dataset\tensorflow\tensorflow-2.7.0\tensorflow\python\client\tf_session_wrapper.cc,_pywrap_tf_session,TF_OperationGetAttrValueProto,lambda expression,654,127.0
F:\DLFs_dataset\tensorflow\tensorflow-2.7.0\tensorflow\python\client\tf_session_wrapper.cc,_pywrap_tf_session,TF_GetBuffer,lambda expression,669,146.0
F:\DLFs_dataset\tensorflow\tensorflow-2.7.0\tensorflow\python\client\tf_session_wrapper.cc,_pywrap_tf_session,TF_NewBufferFromString,lambda expression,675,117.0
F:\DLFs_dataset\tensorflow\tensorflow-2.7.0\tensorflow\python\client\tf_session_wrapper.cc,_pywrap_tf_session,SetAttr,lambda expression,684,144.0
F:\DLFs_dataset\tensorflow\tensorflow-2.7.0\tensorflow\python\client\tf_session_wrapper.cc,_pywrap_tf_session,ClearAttr,lambda expression,694,112.0
F:\DLFs_dataset\tensorflow\tensorflow-2.7.0\tensorflow\python\client\tf_session_wrapper.cc,_pywrap_tf_session,TF_LoadLibrary,lambda expression,704,92.0
F:\DLFs_dataset\tensorflow\tensorflow-2.7.0\tensorflow\python\client\tf_session_wrapper.cc,_pywrap_tf_session,TF_LoadPluggableDeviceLibrary,lambda expression,715,92.0
F:\DLFs_dataset\tensorflow\tensorflow-2.7.0\tensorflow\python\client\tf_session_wrapper.cc,_pywrap_tf_session,TF_GetOpList,lambda expression,727,182.0
F:\DLFs_dataset\tensorflow\tensorflow-2.7.0\tensorflow\python\client\tf_session_wrapper.cc,_pywrap_tf_session,TF_AddInputList,lambda expression,742,98.0
F:\DLFs_dataset\tensorflow\tensorflow-2.7.0\tensorflow\python\client\tf_session_wrapper.cc,_pywrap_tf_session,UpdateEdge,lambda expression,753,111.0
F:\DLFs_dataset\tensorflow\tensorflow-2.7.0\tensorflow\python\client\tf_session_wrapper.cc,_pywrap_tf_session,TF_GraphImportGraphDefWithResults,lambda expression,788,141.0
F:\DLFs_dataset\tensorflow\tensorflow-2.7.0\tensorflow\python\client\tf_session_wrapper.cc,_pywrap_tf_session,TF_GraphNextOperation,lambda expression,801,89.0
F:\DLFs_dataset\tensorflow\tensorflow-2.7.0\tensorflow\python\client\tf_session_wrapper.cc,_pywrap_tf_session,TF_ImportGraphDefResultsReturnOutputs,lambda expression,817,228.0
F:\DLFs_dataset\tensorflow\tensorflow-2.7.0\tensorflow\python\client\tf_session_wrapper.cc,_pywrap_tf_session,TF_ImportGraphDefResultsReturnOperations,lambda expression,831,191.0
F:\DLFs_dataset\tensorflow\tensorflow-2.7.0\tensorflow\python\client\tf_session_wrapper.cc,_pywrap_tf_session,TF_GraphToGraphDef,lambda expression,845,110.0
F:\DLFs_dataset\tensorflow\tensorflow-2.7.0\tensorflow\python\client\tf_session_wrapper.cc,_pywrap_tf_session,TF_GraphVersions,lambda expression,857,110.0
F:\DLFs_dataset\tensorflow\tensorflow-2.7.0\tensorflow\python\client\tf_session_wrapper.cc,_pywrap_tf_session,TF_FunctionSetAttrValueProto,lambda expression,873,113.0
F:\DLFs_dataset\tensorflow\tensorflow-2.7.0\tensorflow\python\client\tf_session_wrapper.cc,_pywrap_tf_session,TF_FunctionToFunctionDef,lambda expression,886,106.0
F:\DLFs_dataset\tensorflow\tensorflow-2.7.0\tensorflow\python\client\tf_session_wrapper.cc,_pywrap_tf_session,TF_GraphCopyFunction,lambda expression,896,120.0
F:\DLFs_dataset\tensorflow\tensorflow-2.7.0\tensorflow\python\client\tf_session_wrapper.cc,_pywrap_tf_session,TF_NewApiDefMap,lambda expression,958,90.0
F:\DLFs_dataset\tensorflow\tensorflow-2.7.0\tensorflow\python\client\tf_session_wrapper.cc,_pywrap_tf_session,TF_ApiDefMapGet,lambda expression,974,118.0
F:\DLFs_dataset\tensorflow\tensorflow-2.7.0\tensorflow\python\client\tf_session_wrapper.cc,_pywrap_tf_session,TF_ApiDefMapPut,lambda expression,988,116.0
F:\DLFs_dataset\tensorflow\tensorflow-2.7.0\tensorflow\python\client\tf_session_wrapper.cc,_pywrap_tf_session,TF_OperationGetAttrType,lambda expression,998,100.0
F:\DLFs_dataset\tensorflow\tensorflow-2.7.0\tensorflow\python\client\tf_session_wrapper.cc,_pywrap_tf_session,TF_ServerStart,lambda expression,1024,86.0
F:\DLFs_dataset\tensorflow\tensorflow-2.7.0\tensorflow\python\client\tf_session_wrapper.cc,_pywrap_tf_session,TF_ServerStop,lambda expression,1033,86.0
F:\DLFs_dataset\tensorflow\tensorflow-2.7.0\tensorflow\python\client\tf_session_wrapper.cc,_pywrap_tf_session,TF_ServerJoin,lambda expression,1042,86.0
F:\DLFs_dataset\tensorflow\tensorflow-2.7.0\tensorflow\python\client\tf_session_wrapper.cc,_pywrap_tf_session,TF_SessionListDevices,lambda expression,1056,84.0
F:\DLFs_dataset\tensorflow\tensorflow-2.7.0\tensorflow\python\client\tf_session_wrapper.cc,_pywrap_tf_session,TF_DeviceListName,lambda expression,1070,101.0
F:\DLFs_dataset\tensorflow\tensorflow-2.7.0\tensorflow\python\client\tf_session_wrapper.cc,_pywrap_tf_session,TF_DeviceListType,lambda expression,1078,101.0
F:\DLFs_dataset\tensorflow\tensorflow-2.7.0\tensorflow\python\client\tf_session_wrapper.cc,_pywrap_tf_session,TF_DeviceListMemoryBytes,lambda expression,1086,101.0
F:\DLFs_dataset\tensorflow\tensorflow-2.7.0\tensorflow\python\client\tf_session_wrapper.cc,_pywrap_tf_session,TF_DeviceListIncarnation,lambda expression,1094,101.0
F:\DLFs_dataset\tensorflow\tensorflow-2.7.0\tensorflow\python\client\tf_session_wrapper.cc,_pywrap_tf_session,TF_OperationGetAttrBool,lambda expression,1106,100.0
F:\DLFs_dataset\tensorflow\tensorflow-2.7.0\tensorflow\python\client\tf_session_wrapper.cc,_pywrap_tf_session,AddWhileInputHack,lambda expression,1123,110.0
F:\DLFs_dataset\tensorflow\tensorflow-2.7.0\tensorflow\python\client\tf_session_wrapper.cc,_pywrap_tf_session,TF_Reset_wrapper,lambda expression,1133,132.0
F:\DLFs_dataset\tensorflow\tensorflow-2.7.0\tensorflow\python\client\tf_session_wrapper.cc,_pywrap_tf_session,TF_RegisterFilesystemPlugin,lambda expression,1177,95.0
F:\DLFs_dataset\tensorflow\tensorflow-2.7.0\tensorflow\python\data\experimental\service\server_lib_wrapper.cc,_pywrap_server_lib,TF_DATA_NewDispatchServer,lambda expression,65,474.0
F:\DLFs_dataset\tensorflow\tensorflow-2.7.0\tensorflow\python\data\experimental\service\server_lib_wrapper.cc,_pywrap_server_lib,TF_DATA_NewWorkerServer,lambda expression,82,452.0
F:\DLFs_dataset\tensorflow\tensorflow-2.7.0\tensorflow\python\data\experimental\service\server_lib_wrapper.cc,_pywrap_server_lib,TF_DATA_GetElementSpec,lambda expression,99,497.0
F:\DLFs_dataset\tensorflow\tensorflow-2.7.0\tensorflow\python\distribute\parallel_device\pywrap_parallel_device.cc,_pywrap_parallel_device,GetParallelDeviceCapsules,lambda expression,43,349.0
F:\DLFs_dataset\tensorflow\tensorflow-2.7.0\tensorflow\python\eager\custom_device_testutil.cc,custom_device_testutil,GetLoggingDeviceCapsules,lambda expression,49,182.0
F:\DLFs_dataset\tensorflow\tensorflow-2.7.0\tensorflow\python\framework\errors_test_helper.cc,_errors_test_helper,TestRaiseFromTFStatus,lambda expression,30,253.0
F:\DLFs_dataset\tensorflow\tensorflow-2.7.0\tensorflow\python\framework\op_def_registry.cc,_op_def_registry,get,lambda expression,25,93.0
F:\DLFs_dataset\tensorflow\tensorflow-2.7.0\tensorflow\python\framework\python_op_gen_wrapper.cc,_pywrap_python_op_gen,GetPythonWrappers,lambda expression,25,203.0
F:\DLFs_dataset\tensorflow\tensorflow-2.7.0\tensorflow\python\framework\experimental\math_ops.cc,_math_ops,add,lambda expression,33,205.0
F:\DLFs_dataset\tensorflow\tensorflow-2.7.0\tensorflow\python\framework\experimental\math_ops.cc,_math_ops,mat_mul,lambda expression,43,219.0
F:\DLFs_dataset\tensorflow\tensorflow-2.7.0\tensorflow\python\framework\experimental\math_ops.cc,_math_ops,neg,lambda expression,55,168.0
F:\DLFs_dataset\tensorflow\tensorflow-2.7.0\tensorflow\python\framework\experimental\math_ops.cc,_math_ops,sub,lambda expression,65,203.0
F:\DLFs_dataset\tensorflow\tensorflow-2.7.0\tensorflow\python\framework\experimental\math_ops.cc,_math_ops,mul,lambda expression,75,203.0
F:\DLFs_dataset\tensorflow\tensorflow-2.7.0\tensorflow\python\framework\experimental\math_ops.cc,_math_ops,log1p,lambda expression,85,172.0
F:\DLFs_dataset\tensorflow\tensorflow-2.7.0\tensorflow\python\framework\experimental\math_ops.cc,_math_ops,div_no_nan,lambda expression,95,213.0
F:\DLFs_dataset\tensorflow\tensorflow-2.7.0\tensorflow\python\framework\experimental\nn_ops.cc,_nn_ops,relu,lambda expression,33,170.0
F:\DLFs_dataset\tensorflow\tensorflow-2.7.0\tensorflow\python\framework\experimental\nn_ops.cc,_nn_ops,sparse_softmax_cross_entropy_with_logits,lambda expression,44,303.0
F:\DLFs_dataset\tensorflow\tensorflow-2.7.0\tensorflow\python\framework\experimental\unified_api.cc,_unified_api,EagerTensorToImmediateExecutionTensorHandle,lambda expression,248,223.0
F:\DLFs_dataset\tensorflow\tensorflow-2.7.0\tensorflow\python\grappler\cluster_wrapper.cc,_pywrap_tf_cluster,TF_NewCluster,lambda expression,77,549.0
F:\DLFs_dataset\tensorflow\tensorflow-2.7.0\tensorflow\python\grappler\cluster_wrapper.cc,_pywrap_tf_cluster,TF_NewVirtualCluster,lambda expression,96,680.0
F:\DLFs_dataset\tensorflow\tensorflow-2.7.0\tensorflow\python\grappler\cluster_wrapper.cc,_pywrap_tf_cluster,TF_ShutdownCluster,lambda expression,124,87.0
F:\DLFs_dataset\tensorflow\tensorflow-2.7.0\tensorflow\python\grappler\cluster_wrapper.cc,_pywrap_tf_cluster,TF_ListDevices,lambda expression,130,331.0
F:\DLFs_dataset\tensorflow\tensorflow-2.7.0\tensorflow\python\grappler\cluster_wrapper.cc,_pywrap_tf_cluster,TF_ListAvailableOps,lambda expression,144,320.0
F:\DLFs_dataset\tensorflow\tensorflow-2.7.0\tensorflow\python\grappler\cluster_wrapper.cc,_pywrap_tf_cluster,TF_GetSupportedDevices,lambda expression,157,673.0
F:\DLFs_dataset\tensorflow\tensorflow-2.7.0\tensorflow\python\grappler\cluster_wrapper.cc,_pywrap_tf_cluster,TF_EstimatePerformance,lambda expression,243,315.0
F:\DLFs_dataset\tensorflow\tensorflow-2.7.0\tensorflow\python\grappler\cluster_wrapper.cc,_pywrap_tf_cluster,TF_MeasureCosts,lambda expression,255,1005.0
F:\DLFs_dataset\tensorflow\tensorflow-2.7.0\tensorflow\python\grappler\cluster_wrapper.cc,_pywrap_tf_cluster,TF_DeterminePeakMemoryUsage,lambda expression,294,588.0
F:\DLFs_dataset\tensorflow\tensorflow-2.7.0\tensorflow\python\grappler\cost_analyzer_wrapper.cc,_pywrap_cost_analyzer,GenerateCostReport,lambda expression,31,699.0
F:\DLFs_dataset\tensorflow\tensorflow-2.7.0\tensorflow\python\grappler\item_wrapper.cc,_pywrap_tf_item,TF_NewItem,lambda expression,128,729.0
F:\DLFs_dataset\tensorflow\tensorflow-2.7.0\tensorflow\python\grappler\item_wrapper.cc,_pywrap_tf_item,TF_IdentifyImportantOps,lambda expression,155,437.0
F:\DLFs_dataset\tensorflow\tensorflow-2.7.0\tensorflow\python\grappler\item_wrapper.cc,_pywrap_tf_item,TF_GetOpProperties,lambda expression,191,295.0
F:\DLFs_dataset\tensorflow\tensorflow-2.7.0\tensorflow\python\grappler\item_wrapper.cc,_pywrap_tf_item,TF_GetColocationGroups,lambda expression,213,190.0
F:\DLFs_dataset\tensorflow\tensorflow-2.7.0\tensorflow\python\grappler\model_analyzer_wrapper.cc,_pywrap_model_analyzer,GenerateModelReport,lambda expression,28,636.0
F:\DLFs_dataset\tensorflow\tensorflow-2.7.0\tensorflow\python\grappler\tf_optimizer_wrapper.cc,_pywrap_tf_optimizer,TF_OptimizeGraph,lambda expression,61,1233.0
F:\DLFs_dataset\tensorflow\tensorflow-2.7.0\tensorflow\python\lib\io\file_io_wrapper.cc,_pywrap_file_io,FileExists,lambda expression,59,204.0
F:\DLFs_dataset\tensorflow\tensorflow-2.7.0\tensorflow\python\lib\io\file_io_wrapper.cc,_pywrap_file_io,DeleteFile,lambda expression,70,124.0
F:\DLFs_dataset\tensorflow\tensorflow-2.7.0\tensorflow\python\lib\io\file_io_wrapper.cc,_pywrap_file_io,ReadFileToString,lambda expression,79,148.0
F:\DLFs_dataset\tensorflow\tensorflow-2.7.0\tensorflow\python\lib\io\file_io_wrapper.cc,_pywrap_file_io,WriteStringToFile,lambda expression,91,161.0
F:\DLFs_dataset\tensorflow\tensorflow-2.7.0\tensorflow\python\lib\io\file_io_wrapper.cc,_pywrap_file_io,GetChildren,lambda expression,102,145.0
F:\DLFs_dataset\tensorflow\tensorflow-2.7.0\tensorflow\python\lib\io\file_io_wrapper.cc,_pywrap_file_io,GetMatchingFiles,lambda expression,114,145.0
F:\DLFs_dataset\tensorflow\tensorflow-2.7.0\tensorflow\python\lib\io\file_io_wrapper.cc,_pywrap_file_io,CreateDir,lambda expression,126,114.0
F:\DLFs_dataset\tensorflow\tensorflow-2.7.0\tensorflow\python\lib\io\file_io_wrapper.cc,_pywrap_file_io,RecursivelyCreateDir,lambda expression,137,114.0
F:\DLFs_dataset\tensorflow\tensorflow-2.7.0\tensorflow\python\lib\io\file_io_wrapper.cc,_pywrap_file_io,CopyFile,lambda expression,146,345.0
F:\DLFs_dataset\tensorflow\tensorflow-2.7.0\tensorflow\python\lib\io\file_io_wrapper.cc,_pywrap_file_io,RenameFile,lambda expression,162,347.0
F:\DLFs_dataset\tensorflow\tensorflow-2.7.0\tensorflow\python\lib\io\file_io_wrapper.cc,_pywrap_file_io,DeleteRecursively,lambda expression,178,154.0
F:\DLFs_dataset\tensorflow\tensorflow-2.7.0\tensorflow\python\lib\io\file_io_wrapper.cc,_pywrap_file_io,IsDirectory,lambda expression,193,114.0
F:\DLFs_dataset\tensorflow\tensorflow-2.7.0\tensorflow\python\lib\io\file_io_wrapper.cc,_pywrap_file_io,HasAtomicMove,lambda expression,207,111.0
F:\DLFs_dataset\tensorflow\tensorflow-2.7.0\tensorflow\python\lib\io\file_io_wrapper.cc,_pywrap_file_io,Stat,lambda expression,221,188.0
F:\DLFs_dataset\tensorflow\tensorflow-2.7.0\tensorflow\python\lite\toco_python_api_wrapper.cc,_pywrap_toco_api,TocoConvert,lambda expression,26,356.0
F:\DLFs_dataset\tensorflow\tensorflow-2.7.0\tensorflow\python\lite\toco_python_api_wrapper.cc,_pywrap_toco_api,ExperimentalMlirQuantizeModel,lambda expression,52,457.0
F:\DLFs_dataset\tensorflow\tensorflow-2.7.0\tensorflow\python\lite\toco_python_api_wrapper.cc,_pywrap_toco_api,ExperimentalMlirSparsifyModel,lambda expression,75,100.0
F:\DLFs_dataset\tensorflow\tensorflow-2.7.0\tensorflow\python\lite\toco_python_api_wrapper.cc,_pywrap_toco_api,RegisterCustomOpdefs,lambda expression,85,101.0
F:\DLFs_dataset\tensorflow\tensorflow-2.7.0\tensorflow\python\lite\toco_python_api_wrapper.cc,_pywrap_toco_api,RetrieveCollectedErrors,lambda expression,95,124.0
F:\DLFs_dataset\tensorflow\tensorflow-2.7.0\tensorflow\python\lite\toco_python_api_wrapper.cc,_pywrap_toco_api,FlatBufferToMlir,lambda expression,110,96.0
F:\DLFs_dataset\tensorflow\tensorflow-2.7.0\tensorflow\python\profiler\internal\profiler_wrapper.cc,_pywrap_profiler,start_server,lambda expression,92,149.0
F:\DLFs_dataset\tensorflow\tensorflow-2.7.0\tensorflow\python\profiler\internal\profiler_wrapper.cc,_pywrap_profiler,trace,lambda expression,101,409.0
F:\DLFs_dataset\tensorflow\tensorflow-2.7.0\tensorflow\python\profiler\internal\profiler_wrapper.cc,_pywrap_profiler,monitor,lambda expression,118,314.0
F:\DLFs_dataset\tensorflow\tensorflow-2.7.0\tensorflow\python\profiler\internal\profiler_wrapper.cc,_pywrap_profiler,xspace_to_tools_data,lambda expression,133,573.0
F:\DLFs_dataset\tensorflow\tensorflow-2.7.0\tensorflow\python\profiler\internal\profiler_wrapper.cc,_pywrap_profiler,xspace_to_tools_data_from_byte_string,lambda expression,163,538.0
F:\DLFs_dataset\tensorflow\tensorflow-2.7.0\tensorflow\python\training\quantize_training_wrapper.cc,_pywrap_quantize_training,DoQuantizeTrainingOnGraphDefHelper,lambda expression,42,116.0
F:\DLFs_dataset\tensorflow\tensorflow-2.7.0\tensorflow\python\util\kernel_registry_wrapper.cc,_pywrap_kernel_registry,TryFindKernelClass,lambda expression,22,111.0
F:\DLFs_dataset\tensorflow\tensorflow-2.7.0\tensorflow\python\util\nest_wrapper.cc,_pywrap_nest,FlattenDictItems,lambda expression,27,87.0
F:\DLFs_dataset\tensorflow\tensorflow-2.7.0\tensorflow\python\util\tfprof_wrapper.cc,_pywrap_tfprof,PrintModelAnalysis,lambda expression,25,220.0
F:\DLFs_dataset\tensorflow\tensorflow-2.7.0\tensorflow\python\util\tfprof_wrapper.cc,_pywrap_tfprof,Profile,lambda expression,42,126.0
F:\DLFs_dataset\tensorflow\tensorflow-2.7.0\tensorflow\python\util\tf_stack.cc,_tf_stack,extract_stack_for_node,lambda expression,403,301.0
F:\DLFs_dataset\tensorflow\tensorflow-2.7.0\tensorflow\python\util\tf_stack.cc,_tf_stack,extract_stack,lambda expression,416,134.0
F:\DLFs_dataset\tensorflow\tensorflow-2.7.0\tensorflow\python\util\transform_graph_wrapper.cc,_pywrap_transform_graph,TransformGraphWithStringInputs,lambda expression,64,302.0
F:\DLFs_dataset\tensorflow\tensorflow-2.7.0\tensorflow\python\util\util_wrapper.cc,_pywrap_utils,RegisterType,lambda expression,29,113.0
F:\DLFs_dataset\tensorflow\tensorflow-2.7.0\tensorflow\python\util\util_wrapper.cc,_pywrap_utils,RegisterPyObject,lambda expression,34,119.0
F:\DLFs_dataset\tensorflow\tensorflow-2.7.0\tensorflow\python\util\util_wrapper.cc,_pywrap_utils,IsNamedtuple,lambda expression,121,87.0
F:\DLFs_dataset\tensorflow\tensorflow-2.7.0\tensorflow\python\util\util_wrapper.cc,_pywrap_utils,SameNamedtuples,lambda expression,202,102.0
F:\DLFs_dataset\tensorflow\tensorflow-2.7.0\tensorflow\python\util\util_wrapper.cc,_pywrap_utils,AssertSameStructure,lambda expression,211,124.0
F:\DLFs_dataset\tensorflow\tensorflow-2.7.0\tensorflow\python\util\util_wrapper.cc,_pywrap_utils,Flatten,lambda expression,225,104.0
F:\DLFs_dataset\tensorflow\tensorflow-2.7.0\tensorflow\python\util\util_wrapper.cc,_pywrap_utils,AssertSameStructureForData,lambda expression,303,110.0
F:\DLFs_dataset\tensorflow\tensorflow-2.7.0\tensorflow\python\util\util_wrapper.cc,_pywrap_utils,IsBF16SupportedByOneDNNOnThisCPU,lambda expression,352,126.0
F:\DLFs_dataset\tensorflow\tensorflow-2.7.0\tensorflow\compiler\xla\python\traceback.cc,xla_extension,replace_thread_exc_traceback,lambda expression,137,377.0
F:\DLFs_dataset\tensorflow\tensorflow-2.7.0\tensorflow\python\saved_model\pywrap_saved_model_metrics.cc,pywrap_saved_model,AddCheckpointReadDuration,lambda expression,100,95.0
F:\DLFs_dataset\tensorflow\tensorflow-2.7.0\tensorflow\python\saved_model\pywrap_saved_model_metrics.cc,pywrap_saved_model,GetCheckpointReadDurations,lambda expression,109,103.0
F:\DLFs_dataset\tensorflow\tensorflow-2.7.0\tensorflow\python\saved_model\pywrap_saved_model_metrics.cc,pywrap_saved_model,AddCheckpointWriteDuration,lambda expression,122,96.0
F:\DLFs_dataset\tensorflow\tensorflow-2.7.0\tensorflow\python\saved_model\pywrap_saved_model_metrics.cc,pywrap_saved_model,GetCheckpointWriteDurations,lambda expression,131,104.0
F:\DLFs_dataset\tensorflow\tensorflow-2.7.0\tensorflow\python\saved_model\pywrap_saved_model_metrics.cc,pywrap_saved_model,AddTrainingTimeSaved,lambda expression,144,98.0
